a.a.a.a	OpenUDID.java
android.support.v4.a.a	Loader.java
android.support.v4.a.b	Loader.java
android.support.v4.a.c	LocalBroadcastManager.java
android.support.v4.a.d	LocalBroadcastManager.java
android.support.v4.a.e	LocalBroadcastManager.java
android.support.v4.app.BackStackState	BackStackRecord.java
android.support.v4.app.FragmentManagerState	FragmentManager.java
android.support.v4.app.FragmentState	Fragment.java
android.support.v4.app.a	ActivityCompatHoneycomb.java
android.support.v4.app.b	BackStackRecord.java
android.support.v4.app.c	BackStackRecord.java
android.support.v4.app.d	Fragment.java
android.support.v4.app.e	FragmentActivity.java
android.support.v4.app.f	FragmentActivity.java
android.support.v4.app.g	FragmentActivity.java
android.support.v4.app.h	FragmentManager.java
android.support.v4.app.i	FragmentManager.java
android.support.v4.app.j	FragmentManager.java
android.support.v4.app.k	FragmentManager.java
android.support.v4.app.l	FragmentTabHost.java
android.support.v4.app.m	FragmentTransaction.java
android.support.v4.app.n	LoaderManager.java
android.support.v4.app.o	LoaderManager.java
android.support.v4.app.p	LoaderManager.java
android.support.v4.app.q	LoaderManager.java
android.support.v4.app.r	NoSaveStateFrameLayout.java
android.support.v4.app.s	SuperNotCalledException.java
android.support.v4.b.a	ParcelableCompat.java
android.support.v4.b.b	ParcelableCompat.java
android.support.v4.b.c	ParcelableCompatCreatorCallbacks.java
android.support.v4.b.d	ParcelableCompatHoneycombMR2.java
android.support.v4.b.e	ParcelableCompatHoneycombMR2.java
android.support.v4.c.a	ArrayMap.java
android.support.v4.c.b	ContainerHelpers.java
android.support.v4.c.c	DebugUtils.java
android.support.v4.c.d	LogWriter.java
android.support.v4.c.e	LruCache.java
android.support.v4.c.f	MapCollections.java
android.support.v4.c.f.java:    .* JADX INFO: compiled from: MapCollections.java
android.support.v4.c.f.java:    .* JADX INFO: compiled from: MapCollections.java
android.support.v4.c.f.java:    .* JADX INFO: compiled from: MapCollections.java
android.support.v4.c.g	MapCollections.java
android.support.v4.c.j	MapCollections.java
android.support.v4.c.l	SimpleArrayMap.java
android.support.v4.c.m	SparseArrayCompat.java
android.support.v4.view.a	AccessibilityDelegateCompat.java
android.support.v4.view.a.a	AccessibilityNodeInfoCompat.java
android.support.v4.view.a.b	AccessibilityNodeInfoCompat.java
android.support.v4.view.a.c	AccessibilityNodeInfoCompat.java
android.support.v4.view.a.d	AccessibilityNodeInfoCompat.java
android.support.v4.view.a.e	AccessibilityNodeInfoCompat.java
android.support.v4.view.a.f	AccessibilityNodeInfoCompat.java
android.support.v4.view.a.g	AccessibilityNodeInfoCompat.java
android.support.v4.view.a.h	AccessibilityNodeInfoCompatIcs.java
android.support.v4.view.a.i	AccessibilityNodeInfoCompatJellyBean.java
android.support.v4.view.a.j	AccessibilityNodeInfoCompatJellybeanMr2.java
android.support.v4.view.a.k	AccessibilityNodeProviderCompat.java
android.support.v4.view.a.l	AccessibilityNodeProviderCompat.java
android.support.v4.view.a.m	AccessibilityNodeProviderCompat.java
android.support.v4.view.a.n	AccessibilityNodeProviderCompat.java
android.support.v4.view.a.o	AccessibilityNodeProviderCompat.java
android.support.v4.view.a.p	AccessibilityNodeProviderCompatJellyBean.java
android.support.v4.view.a.q	AccessibilityNodeProviderCompatJellyBean.java
android.support.v4.view.a.r	AccessibilityNodeProviderCompatKitKat.java
android.support.v4.view.a.s	AccessibilityNodeProviderCompatKitKat.java
android.support.v4.view.aa	PagerAdapter.java
android.support.v4.view.ab	VelocityTrackerCompat.java
android.support.v4.view.ac	VelocityTrackerCompat.java
android.support.v4.view.ad	VelocityTrackerCompat.java
android.support.v4.view.ae	VelocityTrackerCompat.java
android.support.v4.view.af	VelocityTrackerCompatHoneycomb.java
android.support.v4.view.ag	ViewCompat.java
android.support.v4.view.ah	ViewCompat.java
android.support.v4.view.ai	ViewCompat.java
android.support.v4.view.aj	ViewCompat.java
android.support.v4.view.ak	ViewCompat.java
android.support.v4.view.al	ViewCompat.java
android.support.v4.view.am	ViewCompat.java
android.support.v4.view.an	ViewCompat.java
android.support.v4.view.ao	ViewCompat.java
android.support.v4.view.ap	ViewCompat.java
android.support.v4.view.aq	ViewCompatEclairMr1.java
android.support.v4.view.ar	ViewCompatGingerbread.java
android.support.v4.view.as	ViewCompatHC.java
android.support.v4.view.at	ViewCompatICS.java
android.support.v4.view.au	ViewCompatJB.java
android.support.v4.view.av	ViewCompatJellybeanMr1.java
android.support.v4.view.aw	ViewGroupCompat.java
android.support.v4.view.ax	ViewGroupCompat.java
android.support.v4.view.ay	ViewGroupCompat.java
android.support.v4.view.az	ViewGroupCompat.java
android.support.v4.view.b	AccessibilityDelegateCompat.java
android.support.v4.view.ba	ViewGroupCompat.java
android.support.v4.view.bb	ViewGroupCompat.java
android.support.v4.view.bc	ViewGroupCompatHC.java
android.support.v4.view.bd	ViewPager.java
android.support.v4.view.be	ViewPager.java
android.support.v4.view.bf	ViewPager.java
android.support.v4.view.bg	ViewPager.java
android.support.v4.view.bh	ViewPager.java
android.support.v4.view.bi	ViewPager.java
android.support.v4.view.bj	ViewPager.java
android.support.v4.view.bk	ViewPager.java
android.support.v4.view.c	AccessibilityDelegateCompat.java
android.support.v4.view.d	AccessibilityDelegateCompat.java
android.support.v4.view.e	AccessibilityDelegateCompat.java
android.support.v4.view.f	AccessibilityDelegateCompatIcs.java
android.support.v4.view.g	AccessibilityDelegateCompatIcs.java
android.support.v4.view.h	AccessibilityDelegateCompatJellyBean.java
android.support.v4.view.i	AccessibilityDelegateCompatJellyBean.java
android.support.v4.view.j	GravityCompat.java
android.support.v4.view.k	GravityCompat.java
android.support.v4.view.l	GravityCompat.java
android.support.v4.view.m	GravityCompat.java
android.support.v4.view.n	GravityCompatJellybeanMr1.java
android.support.v4.view.o	KeyEventCompat.java
android.support.v4.view.p	KeyEventCompat.java
android.support.v4.view.q	KeyEventCompat.java
android.support.v4.view.r	KeyEventCompat.java
android.support.v4.view.s	KeyEventCompat.java
android.support.v4.view.t	KeyEventCompatEclair.java
android.support.v4.view.u	KeyEventCompatHoneycomb.java
android.support.v4.view.v	MotionEventCompat.java
android.support.v4.view.w	MotionEventCompat.java
android.support.v4.view.x	MotionEventCompat.java
android.support.v4.view.y	MotionEventCompat.java
android.support.v4.view.z	MotionEventCompatEclair.java
android.support.v4.widget.a	DrawerLayout.java
android.support.v4.widget.b	DrawerLayout.java
android.support.v4.widget.c	DrawerLayout.java
android.support.v4.widget.d	DrawerLayout.java
android.support.v4.widget.e	EdgeEffectCompat.java
android.support.v4.widget.f	EdgeEffectCompat.java
android.support.v4.widget.g	EdgeEffectCompat.java
android.support.v4.widget.h	EdgeEffectCompat.java
android.support.v4.widget.i	EdgeEffectCompatIcs.java
android.support.v4.widget.j	ScrollerCompat.java
android.support.v4.widget.k	ScrollerCompat.java
android.support.v4.widget.l	ScrollerCompat.java
android.support.v4.widget.m	ScrollerCompat.java
android.support.v4.widget.n	ScrollerCompat.java
android.support.v4.widget.o	ScrollerCompatGingerbread.java
android.support.v4.widget.p	SlidingPaneLayout.java
android.support.v4.widget.q	SlidingPaneLayout.java
android.support.v4.widget.r	SlidingPaneLayout.java
android.support.v4.widget.s	SlidingPaneLayout.java
android.support.v4.widget.t	SlidingPaneLayout.java
android.support.v4.widget.u	SlidingPaneLayout.java
android.support.v4.widget.v	SlidingPaneLayout.java
android.support.v4.widget.w	SlidingPaneLayout.java
android.support.v4.widget.x	SlidingPaneLayout.java
android.support.v4.widget.y	ViewDragHelper.java
android.support.v4.widget.z	ViewDragHelper.java
com.a.a.a.a	IMarketBillingService.java
com.a.a.a.b	IMarketBillingService.java
com.a.a.a.c	IMarketBillingService.java
com.amazonaws.javax.xml.a.a	NamespaceContext.java
com.amazonaws.javax.xml.a.b	QName.java
com.amazonaws.javax.xml.transform.a	ErrorListener.java
com.amazonaws.javax.xml.transform.a.a	DOMResult.java
com.amazonaws.javax.xml.transform.b	FactoryFinder.java
com.amazonaws.javax.xml.transform.b.a	StreamResult.java
com.amazonaws.javax.xml.transform.b.b	StreamSource.java
com.amazonaws.javax.xml.transform.c	FactoryFinder.java
com.amazonaws.javax.xml.transform.d	Result.java
com.amazonaws.javax.xml.transform.e	SecuritySupport.java
com.amazonaws.javax.xml.transform.f	Source.java
com.amazonaws.javax.xml.transform.g	SourceLocator.java
com.amazonaws.javax.xml.transform.h	Templates.java
com.amazonaws.javax.xml.transform.i	Transformer.java
com.amazonaws.javax.xml.transform.j	TransformerConfigurationException.java
com.amazonaws.javax.xml.transform.k	TransformerException.java
com.amazonaws.javax.xml.transform.l	TransformerFactory.java
com.amazonaws.javax.xml.transform.m	TransformerFactoryConfigurationError.java
com.amazonaws.javax.xml.transform.n	URIResolver.java
com.c.a.a	BaseInterstitialManager.java
com.c.a.a.a	AppLovinInterstitialProvider.java
com.c.a.a.b	ChartboostInterstitialProvider.java
com.c.a.a.c	HeyZapInterstitialProvider.java
com.c.a.b	BaseInterstitialManager.java
com.c.a.c	BaseInterstitialManager.java
com.c.a.d	BaseInterstitialManager.java
com.c.a.e	BaseInterstitialManager.java
com.c.a.f	InterstitialConditions.java
com.c.a.g	InterstitialListeners.java
com.c.a.h	InterstitialProvider.java
com.google.a.a.a.a	AnalyticsClient.java
com.google.a.a.a.aa	GAServiceProxy.java
com.google.a.a.a.ab	GAThread.java
com.google.a.a.a.ac	GAUsage.java
com.google.a.a.a.ad	GAUsage.java
com.google.a.a.a.ae	GoogleAnalytics.java
com.google.a.a.a.af	Hit.java
com.google.a.a.a.ag	HitBuilder.java
com.google.a.a.a.ah	Log.java
com.google.a.a.a.ai	Logger.java
com.google.a.a.a.aj	Logger.java
com.google.a.a.a.ak	MapBuilder.java
com.google.a.a.a.al	ParameterLoader.java
com.google.a.a.a.am	ParameterLoaderImpl.java
com.google.a.a.a.an	PersistentAnalyticsStore.java
com.google.a.a.a.ao	PersistentAnalyticsStore.java
com.google.a.a.a.ap	ScreenResolutionDefaultProvider.java
com.google.a.a.a.aq	ServiceManager.java
com.google.a.a.a.ar	ServiceProxy.java
com.google.a.a.a.as	SimpleNetworkDispatcher.java
com.google.a.a.a.at	StandardExceptionParser.java
com.google.a.a.a.au	Tracker.java
com.google.a.a.a.av	TrackerHandler.java
com.google.a.a.a.aw	Utils.java
com.google.a.a.a.b	AnalyticsGmsCoreClient.java
com.google.a.a.a.c	AnalyticsGmsCoreClient.java
com.google.a.a.a.d	AnalyticsGmsCoreClient.java
com.google.a.a.a.e	AnalyticsGmsCoreClient.java
com.google.a.a.a.f	AnalyticsStore.java
com.google.a.a.a.g	AnalyticsStoreStateListener.java
com.google.a.a.a.h	AnalyticsThread.java
com.google.a.a.a.i	AppFieldsDefaultProvider.java
com.google.a.a.a.j	ClientIdDefaultProvider.java
com.google.a.a.a.k	Clock.java
com.google.a.a.a.l	DefaultLoggerImpl.java
com.google.a.a.a.m	DefaultProvider.java
com.google.a.a.a.n	Dispatcher.java
com.google.a.a.a.o	EasyTracker.java
com.google.a.a.a.p	EasyTracker.java
com.google.a.a.a.q	ExceptionParser.java
com.google.a.a.a.r	ExceptionReporter.java
com.google.a.a.a.s	FutureApis.java
com.google.a.a.a.t	GANetworkReceiver.java
com.google.a.a.a.u	GAServiceManager.java
com.google.a.a.a.v	GAServiceProxy.java
com.google.a.a.a.w	GAServiceProxy.java
com.google.a.a.a.x	GAServiceProxy.java
com.google.a.a.a.y	GAServiceProxy.java
com.google.a.a.a.z	GAServiceProxy.java
com.google.android.a.a	GCMBaseIntentService.java
com.google.android.a.b	GCMBroadcastReceiver.java
com.google.android.a.c	GCMRegistrar.java
com.google.android.gms.analytics.internal.a	IAnalyticsService.java
com.google.android.gms.analytics.internal.b	IAnalyticsService.java
com.google.android.gms.analytics.internal.c	IAnalyticsService.java
com.heyzap.a.a	AsyncHttpClient.java
com.heyzap.a.b	AsyncHttpClient.java
com.heyzap.a.c	AsyncHttpRequest.java
com.heyzap.a.d	AsyncHttpResponseHandler.java
com.heyzap.a.e	HeyzapCookies.java
com.heyzap.a.f	JsonHttpResponseHandler.java
com.heyzap.a.g	RequestParams.java
com.heyzap.a.h	RequestParams.java
com.heyzap.a.i	RetryHandler.java
com.heyzap.a.j	SDKCookieStore.java
com.heyzap.a.k	SimpleMultipartEntity.java
com.heyzap.internal.a	APIClient.java
com.heyzap.internal.b	APIResponseHandler.java
com.heyzap.internal.c	Analytics.java
com.heyzap.internal.d	Connectivity.java
com.heyzap.internal.e	DownloadTask.java
com.heyzap.internal.f	DownloadTask.java
com.heyzap.internal.g	FeedAdapter.java
com.heyzap.internal.h	FeedView.java
com.heyzap.internal.i	Feedlette.java
com.heyzap.internal.j	HeyzapProgressDialog.java
com.heyzap.internal.k	Logger.java
com.heyzap.internal.l	Utils.java
com.heyzap.sdk.ads.a	AbstractActivity.java
com.heyzap.sdk.ads.a.a	DemoServer.java
com.heyzap.sdk.ads.a.b	FramePing.java
com.heyzap.sdk.ads.a.c	FramePing.java
com.heyzap.sdk.ads.a.d	FramePingManager.java
com.heyzap.sdk.ads.a.e	FramePingManager.java
com.heyzap.sdk.ads.a.f	FramePingManager.java
com.heyzap.sdk.ads.b	AbstractActivity.java
com.heyzap.sdk.ads.c	AbstractAd.java
com.heyzap.sdk.ads.d	AbstractAd.java
com.heyzap.sdk.ads.e	FullscreenVideoView.java
com.heyzap.sdk.ads.f	FullscreenVideoView.java
com.heyzap.sdk.ads.g	FullscreenVideoView.java
com.heyzap.sdk.ads.h	FullscreenVideoView.java
com.heyzap.sdk.ads.i	HeyzapAds.java
com.heyzap.sdk.ads.j	HeyzapAds.java
com.heyzap.sdk.ads.k	HeyzapAds.java
com.heyzap.sdk.ads.l	HeyzapInterstitialActivity.java
com.heyzap.sdk.ads.m	HeyzapVideoActivity.java
com.heyzap.sdk.ads.n	HeyzapVideoActivity.java
com.heyzap.sdk.ads.o	Interstitial.java
com.heyzap.sdk.ads.p	InterstitialAd.java
com.heyzap.sdk.ads.q	InterstitialAd.java
com.heyzap.sdk.ads.r	InterstitialWebView.java
com.heyzap.sdk.ads.s	InterstitialWebView.java
com.heyzap.sdk.ads.t	InterstitialWebView.java
com.heyzap.sdk.ads.u	Manager.java
com.heyzap.sdk.ads.v	Manager.java
com.heyzap.sdk.ads.w	Video.java
com.heyzap.sdk.ads.x	VideoControlView.java
com.heyzap.sdk.ads.y	VideoControlView.java
com.topfreegames.a.a	Analytics.java
com.topfreegames.a.b	AnalyticsConfig.java
com.topfreegames.a.c	AnalyticsConfig.java
com.topfreegames.a.d	RetentionManager.java
com.topfreegames.a.e	RetentionManager.java
com.topfreegames.b.a	R.java
com.topfreegames.b.b	R.java
com.topfreegames.bikerace.a	Bike.java
com.topfreegames.bikerace.a.a	Achievement.java
com.topfreegames.bikerace.a.b	Achievement.java
com.topfreegames.bikerace.a.c	AchievementGroup.java
com.topfreegames.bikerace.a.d	AchievementGroup.java
com.topfreegames.bikerace.a.e	AchievementPresenter.java
com.topfreegames.bikerace.a.f	AchievementsManager.java
com.topfreegames.bikerace.a.g	IAchievementCompletedDelegate.java
com.topfreegames.bikerace.a.h	IAchievementMediator.java
com.topfreegames.bikerace.a.i	IAchievementPresenterDelegate.java
com.topfreegames.bikerace.a.j	IAchievementPresenterListener.java
com.topfreegames.bikerace.aa	GameData.java
com.topfreegames.bikerace.ab	GameData.java
com.topfreegames.bikerace.ac	GameSceneDirector.java
com.topfreegames.bikerace.activities.a	BackgroundManager.java
com.topfreegames.bikerace.activities.aa	MultiplayerRankingActivity.java
com.topfreegames.bikerace.activities.ab	MultiplayerRankingActivity.java
com.topfreegames.bikerace.activities.ac	OptionsActivity.java
com.topfreegames.bikerace.activities.ad	PlayActivity.java
com.topfreegames.bikerace.activities.ae	PlayActivity.java
com.topfreegames.bikerace.activities.af	PlayActivity.java
com.topfreegames.bikerace.activities.ag	PushNotificationMultiplayerRedirector.java
com.topfreegames.bikerace.activities.ah	PushNotificationWorldCupRedirector.java
com.topfreegames.bikerace.activities.ai	ShopActivity.java
com.topfreegames.bikerace.activities.aj	ShopActivity.java
com.topfreegames.bikerace.activities.ak	ShopActivity.java
com.topfreegames.bikerace.activities.al	ShopActivity.java
com.topfreegames.bikerace.activities.am	ShopActivity.java
com.topfreegames.bikerace.activities.an	ShopActivity.java
com.topfreegames.bikerace.activities.ao	ShopActivity.java
com.topfreegames.bikerace.activities.ap	WorldCupShopActivity.java
com.topfreegames.bikerace.activities.aq	WorldCupShopActivity.java
com.topfreegames.bikerace.activities.ar	WorldSelectionActivity.java
com.topfreegames.bikerace.activities.as	WorldSelectionActivity.java
com.topfreegames.bikerace.activities.at	WorldSelectionActivity.java
com.topfreegames.bikerace.activities.au	WorldSelectionActivity.java
com.topfreegames.bikerace.activities.b	BackgroundManager.java
com.topfreegames.bikerace.activities.c	BaseActivity.java
com.topfreegames.bikerace.activities.d	BaseFacebookActivity.java
com.topfreegames.bikerace.activities.e	BaseMultiplayerActivity.java
com.topfreegames.bikerace.activities.f	CustomLevelsActivity.java
com.topfreegames.bikerace.activities.g	CustomLevelsActivity.java
com.topfreegames.bikerace.activities.h	CustomLevelsActivity.java
com.topfreegames.bikerace.activities.i	CustomLevelsActivity.java
com.topfreegames.bikerace.activities.j	CustomLevelsActivity.java
com.topfreegames.bikerace.activities.k	FacebookUsersListActivity.java
com.topfreegames.bikerace.activities.l	FacebookUsersListActivity.java
com.topfreegames.bikerace.activities.m	FacebookUsersListActivity.java
com.topfreegames.bikerace.activities.n	FontUtil.java
com.topfreegames.bikerace.activities.o	LevelSelectionActivity.java
com.topfreegames.bikerace.activities.p	MainActivity.java
com.topfreegames.bikerace.activities.q	MainActivity.java
com.topfreegames.bikerace.activities.r	MultiplayerMainActivity.java
com.topfreegames.bikerace.activities.s	MultiplayerMainActivity.java
com.topfreegames.bikerace.activities.t	MultiplayerMainActivity.java
com.topfreegames.bikerace.activities.u	MultiplayerMainActivity.java
com.topfreegames.bikerace.activities.v	MultiplayerMainActivity.java
com.topfreegames.bikerace.activities.w	MultiplayerMainActivity.java
com.topfreegames.bikerace.activities.x	MultiplayerRankingActivity.java
com.topfreegames.bikerace.activities.y	MultiplayerRankingActivity.java
com.topfreegames.bikerace.activities.z	MultiplayerRankingActivity.java
com.topfreegames.bikerace.ad	GameSinglePlayerBestRacesData.java
com.topfreegames.bikerace.ae	GameSinglePlayerBestRacesData.java
com.topfreegames.bikerace.af	GameUI.java
com.topfreegames.bikerace.ag	GoogleAnalyticsHelper.java
com.topfreegames.bikerace.ah	GraphicsResources.java
com.topfreegames.bikerace.ai	InputAccelerometer.java
com.topfreegames.bikerace.aj	InputAccelerometer.java
com.topfreegames.bikerace.ak	LimitedTimeBikeManager.java
com.topfreegames.bikerace.al	LimitedTimeBikeManager.java
com.topfreegames.bikerace.am	LimitedTimeBikeManager.java
com.topfreegames.bikerace.an	LimitedTimeBikeManager.java
com.topfreegames.bikerace.ao	LimitedTimeBikeManager.java
com.topfreegames.bikerace.ap	MainConfig.java
com.topfreegames.bikerace.aq	MainConfig.java
com.topfreegames.bikerace.ar	MainConfig.java
com.topfreegames.bikerace.as	MainConfig.java
com.topfreegames.bikerace.at	MainConfig.java
com.topfreegames.bikerace.au	MainConfig.java
com.topfreegames.bikerace.av	MainConfig.java
com.topfreegames.bikerace.aw	MainConfig.java
com.topfreegames.bikerace.ax	MainConfig.java
com.topfreegames.bikerace.ay	MainConfig.java
com.topfreegames.bikerace.az	MainConfig.java
com.topfreegames.bikerace.b	Bike.java
com.topfreegames.bikerace.b.a	GameSession.java
com.topfreegames.bikerace.b.b	User.java
com.topfreegames.bikerace.ba	MainConfig.java
com.topfreegames.bikerace.bb	RemoteConfig.java
com.topfreegames.bikerace.bc	RemoteConfig.java
com.topfreegames.bikerace.bd	RemoteConfig.java
com.topfreegames.bikerace.be	RemoteConfig.java
com.topfreegames.bikerace.bf	RemoteConfig.java
com.topfreegames.bikerace.bg	RuntimeTestConfig.java
com.topfreegames.bikerace.bh	RuntimeTestConfig.java
com.topfreegames.bikerace.bi	RuntimeTestConfig.java
com.topfreegames.bikerace.billing.a	BillingActivity.java
com.topfreegames.bikerace.billing.a.a	AmazonBillingManager.java
com.topfreegames.bikerace.billing.a.b	AmazonBillingManager.java
com.topfreegames.bikerace.billing.b	IBillingManager.java
com.topfreegames.bikerace.billing.c	PurchaseDatabase.java
com.topfreegames.bikerace.billing.google.a	BillingConstants.java
com.topfreegames.bikerace.billing.google.b	BillingConstants.java
com.topfreegames.bikerace.billing.google.c	BillingConstants.java
com.topfreegames.bikerace.billing.google.d	BillingService.java
com.topfreegames.bikerace.billing.google.e	BillingService.java
com.topfreegames.bikerace.billing.google.f	BillingService.java
com.topfreegames.bikerace.billing.google.g	BillingService.java
com.topfreegames.bikerace.billing.google.h	BillingService.java
com.topfreegames.bikerace.billing.google.i	BillingService.java
com.topfreegames.bikerace.billing.google.j	GoogleBillingManager.java
com.topfreegames.bikerace.billing.google.k	GoogleBillingManager.java
com.topfreegames.bikerace.billing.google.l	PurchaseObserver.java
com.topfreegames.bikerace.billing.google.m	ResponseHandler.java
com.topfreegames.bikerace.billing.google.n	Security.java
com.topfreegames.bikerace.billing.google.o	Security.java
com.topfreegames.bikerace.bj	TextureCoordinates.java
com.topfreegames.bikerace.bk	TextureCoordinates.java
com.topfreegames.bikerace.bl	TextureCoordinates.java
com.topfreegames.bikerace.bm	TokenInvalidTimestampGambi.java
com.topfreegames.bikerace.bn	UnlockConditions.java
com.topfreegames.bikerace.bo	UnlockConditions.java
com.topfreegames.bikerace.c	Bike.java
com.topfreegames.bikerace.c.a	Collectible.java
com.topfreegames.bikerace.c.b	Collectible.java
com.topfreegames.bikerace.c.c	Collectible.java
com.topfreegames.bikerace.c.d	CollectiblesManager.java
com.topfreegames.bikerace.d	Board.java
com.topfreegames.bikerace.d.a	CryptoHelper.java
com.topfreegames.bikerace.e	Camera.java
com.topfreegames.bikerace.e.a	BaseDialog.java
com.topfreegames.bikerace.e.aa	GiftsDialog.java
com.topfreegames.bikerace.e.ab	StartMultiplayerGameDialog.java
com.topfreegames.bikerace.e.ac	UserAccountDialog.java
com.topfreegames.bikerace.e.ad	WorldCupCurrencyDialog.java
com.topfreegames.bikerace.e.b	BikeUnlockDialog.java
com.topfreegames.bikerace.e.c	BikeUnlockDialog.java
com.topfreegames.bikerace.e.d	BikeUnlockDialog.java
com.topfreegames.bikerace.e.e	CustomLevelsOfferDialog.java
com.topfreegames.bikerace.e.f	CustomLevelsOfferDialog.java
com.topfreegames.bikerace.e.g	EasterEggLocationDialog.java
com.topfreegames.bikerace.e.h	EasterEggLocationDialog.java
com.topfreegames.bikerace.e.i	EasterEggLocationDialog.java
com.topfreegames.bikerace.e.j	EasterEggLocationDialog.java
com.topfreegames.bikerace.e.k	FindDialog.java
com.topfreegames.bikerace.e.l	FindDialog.java
com.topfreegames.bikerace.e.m	FindDialog.java
com.topfreegames.bikerace.e.n	GenericDialog.java
com.topfreegames.bikerace.e.o	GenericDialog.java
com.topfreegames.bikerace.e.p	GenericDialogRemoteImageContent.java
com.topfreegames.bikerace.e.q	GenericInputDialog.java
com.topfreegames.bikerace.e.r	GenericInputDialog.java
com.topfreegames.bikerace.e.s	GiftsDialog.java
com.topfreegames.bikerace.e.t	GiftsDialog.java
com.topfreegames.bikerace.e.u	GiftsDialog.java
com.topfreegames.bikerace.e.v	GiftsDialog.java
com.topfreegames.bikerace.e.w	GiftsDialog.java
com.topfreegames.bikerace.e.x	GiftsDialog.java
com.topfreegames.bikerace.e.y	GiftsDialog.java
com.topfreegames.bikerace.e.z	GiftsDialog.java
com.topfreegames.bikerace.f	Game.java
com.topfreegames.bikerace.f.a	Gift.java
com.topfreegames.bikerace.f.b	Gift.java
com.topfreegames.bikerace.f.c	GiftData.java
com.topfreegames.bikerace.f.d	GiftDescriptor.java
com.topfreegames.bikerace.f.e	GiftManager.java
com.topfreegames.bikerace.f.f	GiftManager.java
com.topfreegames.bikerace.f.g	GiftManager.java
com.topfreegames.bikerace.f.h	GiftTasks.java
com.topfreegames.bikerace.f.i	GiftTasks.java
com.topfreegames.bikerace.f.j	GiftTasks.java
com.topfreegames.bikerace.f.k	GiftTasks.java
com.topfreegames.bikerace.g	Game.java
com.topfreegames.bikerace.g.a	InterstitialsManager.java
com.topfreegames.bikerace.g.b	InterstitialsManager.java
com.topfreegames.bikerace.h	Game.java
com.topfreegames.bikerace.h.a	Level.java
com.topfreegames.bikerace.h.a.a	FeaturedUserLevelInfo.java
com.topfreegames.bikerace.h.a.b	FreeTracksManager.java
com.topfreegames.bikerace.h.a.c	UserLevel.java
com.topfreegames.bikerace.h.a.d	UserLevelDownloader.java
com.topfreegames.bikerace.h.a.e	UserLevelDownloader.java
com.topfreegames.bikerace.h.a.f	UserLevelDownloader.java
com.topfreegames.bikerace.h.a.g	UserLevelDownloader.java
com.topfreegames.bikerace.h.a.h	UserLevelDownloader.java
com.topfreegames.bikerace.h.a.i	UserLevelDownloader.java
com.topfreegames.bikerace.h.a.j	UserLevelDownloader.java
com.topfreegames.bikerace.h.a.k	UserLevelDownloader.java
com.topfreegames.bikerace.h.a.l	UserLevelFactoryUserWorld.java
com.topfreegames.bikerace.h.a.m	UserLevelImporter.java
com.topfreegames.bikerace.h.a.n	UserLevelThumbnailProvider.java
com.topfreegames.bikerace.h.a.o	UserLevelThumbnailProvider.java
com.topfreegames.bikerace.h.a.p	UserLevelThumbnailProvider.java
com.topfreegames.bikerace.h.a.q	UserLevelsData.java
com.topfreegames.bikerace.h.a.r	UserWorld.java
com.topfreegames.bikerace.h.b	LevelBoards.java
com.topfreegames.bikerace.h.c	LevelBoardsBuilder.java
com.topfreegames.bikerace.h.d	LevelFactoryWorld1.java
com.topfreegames.bikerace.h.e	LevelFactoryWorld10.java
com.topfreegames.bikerace.h.f	LevelFactoryWorld11.java
com.topfreegames.bikerace.h.g	LevelFactoryWorld12.java
com.topfreegames.bikerace.h.h	LevelFactoryWorld13.java
com.topfreegames.bikerace.h.i	LevelFactoryWorld14.java
com.topfreegames.bikerace.h.j	LevelFactoryWorld15.java
com.topfreegames.bikerace.h.k	LevelFactoryWorld16.java
com.topfreegames.bikerace.h.l	LevelFactoryWorld17.java
com.topfreegames.bikerace.h.m	LevelFactoryWorld18.java
com.topfreegames.bikerace.h.n	LevelFactoryWorld19.java
com.topfreegames.bikerace.h.o	LevelFactoryWorld2.java
com.topfreegames.bikerace.h.p	LevelFactoryWorld3.java
com.topfreegames.bikerace.h.q	LevelFactoryWorld4.java
com.topfreegames.bikerace.h.r	LevelFactoryWorld5.java
com.topfreegames.bikerace.h.s	LevelFactoryWorld6.java
com.topfreegames.bikerace.h.t	LevelFactoryWorld7.java
com.topfreegames.bikerace.h.u	LevelFactoryWorld8.java
com.topfreegames.bikerace.h.v	LevelFactoryWorld9.java
com.topfreegames.bikerace.h.w	LevelMeshLoader.java
com.topfreegames.bikerace.h.x	World.java
com.topfreegames.bikerace.h.y	WorldFactory.java
com.topfreegames.bikerace.i	Game.java
com.topfreegames.bikerace.i.a	LocalizationHelper.java
com.topfreegames.bikerace.i.b	LocalizationHelper.java
com.topfreegames.bikerace.j	Game.java
com.topfreegames.bikerace.j.a	RecommendedBikeManager.java
com.topfreegames.bikerace.j.b	ShopOffers.java
com.topfreegames.bikerace.k	Game.java
com.topfreegames.bikerace.k.a	RemoteData.java
com.topfreegames.bikerace.k.b	RemoteData.java
com.topfreegames.bikerace.k.c	RemoteData.java
com.topfreegames.bikerace.k.d	RemoteData.java
com.topfreegames.bikerace.k.e	SyncListener.java
com.topfreegames.bikerace.l	Game.java
com.topfreegames.bikerace.l.a	GameSessionJsonSerde.java
com.topfreegames.bikerace.l.a.a	DynamoGameSessionRepository.java
com.topfreegames.bikerace.l.a.b	DynamoRepository.java
com.topfreegames.bikerace.l.a.c	DynamoUserRepository.java
com.topfreegames.bikerace.l.a.d	NoInternetException.java
com.topfreegames.bikerace.l.b	GameSessionRepository.java
com.topfreegames.bikerace.l.b.a	MultiplayerSQLiteOpenHelper.java
com.topfreegames.bikerace.l.b.b	SqliteGameSessionRepository.java
com.topfreegames.bikerace.l.b.c	SqliteUserRepository.java
com.topfreegames.bikerace.l.c	GameSessionRepositoryFallback.java
com.topfreegames.bikerace.l.d	GzipDataPointsSerde.java
com.topfreegames.bikerace.l.e	UserJsonSerde.java
com.topfreegames.bikerace.l.f	UsersRepository.java
com.topfreegames.bikerace.localnotification.limitedtimebike.a	LocalNotificationConfig.java
com.topfreegames.bikerace.localnotification.limitedtimebike.b	LocalNotificationConfig.java
com.topfreegames.bikerace.localnotification.limitedtimebike.c	NotificationScheduler.java
com.topfreegames.bikerace.localnotification.retention.a	RetentionLocalNotitification.java
com.topfreegames.bikerace.m	Game.java
com.topfreegames.bikerace.m.a	AdUtils.java
com.topfreegames.bikerace.m.b	AdUtils.java
com.topfreegames.bikerace.m.c	Base64.java
com.topfreegames.bikerace.m.d	Base64DecoderException.java
com.topfreegames.bikerace.m.e	ListUtils.java
com.topfreegames.bikerace.m.f	MultiplayerUtils.java
com.topfreegames.bikerace.m.g	ObfuscationUtils.java
com.topfreegames.bikerace.m.h	RandomUtils.java
com.topfreegames.bikerace.multiplayer.a	BikePositionSample.java
com.topfreegames.bikerace.multiplayer.aa	MultiplayerService.java
com.topfreegames.bikerace.multiplayer.ab	MultiplayerService.java
com.topfreegames.bikerace.multiplayer.ac	MultiplayerService.java
com.topfreegames.bikerace.multiplayer.ad	MultiplayerService.java
com.topfreegames.bikerace.multiplayer.ae	MultiplayerService.java
com.topfreegames.bikerace.multiplayer.af	MultiplayerService.java
com.topfreegames.bikerace.multiplayer.ag	MultiplayerService.java
com.topfreegames.bikerace.multiplayer.ah	MultiplayerService.java
com.topfreegames.bikerace.multiplayer.ai	MultiplayerService.java
com.topfreegames.bikerace.multiplayer.aj	RacePlayer.java
com.topfreegames.bikerace.multiplayer.ak	RaceRecord.java
com.topfreegames.bikerace.multiplayer.al	RaceRecorder.java
com.topfreegames.bikerace.multiplayer.am	RankingManager.java
com.topfreegames.bikerace.multiplayer.an	RankingManager.java
com.topfreegames.bikerace.multiplayer.ao	RankingManager.java
com.topfreegames.bikerace.multiplayer.b	FakePokeGenerator.java
com.topfreegames.bikerace.multiplayer.c	GuestManager.java
com.topfreegames.bikerace.multiplayer.d	IMultiplayerGameListener.java
com.topfreegames.bikerace.multiplayer.e	IMultiplayerGameNextStateListener.java
com.topfreegames.bikerace.multiplayer.f	IMultiplayerGameRetrievingListener.java
com.topfreegames.bikerace.multiplayer.g	IUserInterfaceListener.java
com.topfreegames.bikerace.multiplayer.h	LevelRandomizer.java
com.topfreegames.bikerace.multiplayer.i	LevelRandomizer.java
com.topfreegames.bikerace.multiplayer.j	LinkUrlRetriever.java
com.topfreegames.bikerace.multiplayer.k	LinkUrlRetriever.java
com.topfreegames.bikerace.multiplayer.l	MultiplayerData.java
com.topfreegames.bikerace.multiplayer.m	MultiplayerData.java
com.topfreegames.bikerace.multiplayer.n	MultiplayerDataComparator.java
com.topfreegames.bikerace.multiplayer.o	MultiplayerManager.java
com.topfreegames.bikerace.multiplayer.p	MultiplayerManager.java
com.topfreegames.bikerace.multiplayer.q	MultiplayerManager.java
com.topfreegames.bikerace.multiplayer.r	MultiplayerManager.java
com.topfreegames.bikerace.multiplayer.s	MultiplayerManager.java
com.topfreegames.bikerace.multiplayer.t	MultiplayerManager.java
com.topfreegames.bikerace.multiplayer.u	MultiplayerManager.java
com.topfreegames.bikerace.multiplayer.v	MultiplayerManager.java
com.topfreegames.bikerace.multiplayer.w	MultiplayerManager.java
com.topfreegames.bikerace.multiplayer.x	MultiplayerManager.java
com.topfreegames.bikerace.multiplayer.y	MultiplayerManager.java
com.topfreegames.bikerace.multiplayer.z	MultiplayerNotificationService.java
com.topfreegames.bikerace.n	Game.java
com.topfreegames.bikerace.n.a	ABTestManager.java
com.topfreegames.bikerace.n.b	ABTestManager.java
com.topfreegames.bikerace.n.c	ABTestManager.java
com.topfreegames.bikerace.n.d	ABTestManager.java
com.topfreegames.bikerace.o	Game.java
com.topfreegames.bikerace.p	Game.java
com.topfreegames.bikerace.push.a	IPushAppServerRegister.java
com.topfreegames.bikerace.push.b	PushAppServerRegisterFailedException.java
com.topfreegames.bikerace.push.c	PushConfig.java
com.topfreegames.bikerace.push.d	PushConfig.java
com.topfreegames.bikerace.push.e	PushManager.java
com.topfreegames.bikerace.push.f	PushNotification.java
com.topfreegames.bikerace.push.g	PushSender.java
com.topfreegames.bikerace.q	Game.java
com.topfreegames.bikerace.r	Game.java
com.topfreegames.bikerace.s	Game.java
com.topfreegames.bikerace.t	GameAnalytics.java
com.topfreegames.bikerace.u	GameAnalytics.java
com.topfreegames.bikerace.v	GameAudio.java
com.topfreegames.bikerace.views.a	AchievementNotificationView.java
com.topfreegames.bikerace.views.b	AchievementNotificationView.java
com.topfreegames.bikerace.views.c	CustomSlowHorizontalScrollView.java
com.topfreegames.bikerace.views.d	EasterEggLocationItemView.java
com.topfreegames.bikerace.views.e	GiftItemView.java
com.topfreegames.bikerace.views.f	GiftItemView.java
com.topfreegames.bikerace.views.g	GiftItemView.java
com.topfreegames.bikerace.views.h	LevelItemView.java
com.topfreegames.bikerace.views.i	LevelItemView.java
com.topfreegames.bikerace.views.j	LevelItemView.java
com.topfreegames.bikerace.views.k	LevelTableView.java
com.topfreegames.bikerace.views.l	MultiplayerFriendItemView.java
com.topfreegames.bikerace.views.m	MultiplayerFriendItemView.java
com.topfreegames.bikerace.views.n	MultiplayerGameItemView.java
com.topfreegames.bikerace.views.o	MultiplayerGameItemView.java
com.topfreegames.bikerace.views.p	MultiplayerGameItemView.java
com.topfreegames.bikerace.views.q	MultiplayerRankingItemView.java
com.topfreegames.bikerace.views.r	MultiplayerResultView.java
com.topfreegames.bikerace.views.s	ShopItemAchievementLine.java
com.topfreegames.bikerace.views.t	ShopItemLikeView.java
com.topfreegames.bikerace.views.u	UserLevelItemView.java
com.topfreegames.bikerace.views.v	UserLevelItemView.java
com.topfreegames.bikerace.views.w	UserLevelItemView.java
com.topfreegames.bikerace.w	GameAudio.java
com.topfreegames.bikerace.worldcup.a	BikePart.java
com.topfreegames.bikerace.worldcup.a.a	WorldCupGemShopMode.java
com.topfreegames.bikerace.worldcup.a.b	WorldCupGemShopMode.java
com.topfreegames.bikerace.worldcup.a.c	WorldCupShopBikeMode.java
com.topfreegames.bikerace.worldcup.a.d	WorldCupShopBikeMode.java
com.topfreegames.bikerace.worldcup.a.e	WorldCupShopBikeMode.java
com.topfreegames.bikerace.worldcup.a.f	WorldCupShopDailyBonusMode.java
com.topfreegames.bikerace.worldcup.a.g	WorldCupShopMode.java
com.topfreegames.bikerace.worldcup.a.h	WorldCupShopSlotMode.java
com.topfreegames.bikerace.worldcup.a.i	WorldCupShopSlotMode.java
com.topfreegames.bikerace.worldcup.a.j	WorldCupShopSlotMode.java
com.topfreegames.bikerace.worldcup.a.k	WorldCupShopSlotMode.java
com.topfreegames.bikerace.worldcup.b	BikePart.java
com.topfreegames.bikerace.worldcup.c	BikePartCollection.java
com.topfreegames.bikerace.worldcup.d	BikePartCollection.java
com.topfreegames.bikerace.worldcup.e	BikePartsLikelihood.java
com.topfreegames.bikerace.worldcup.f	DailyBonus.java
com.topfreegames.bikerace.worldcup.g	DailyBonus.java
com.topfreegames.bikerace.worldcup.h	IncreasedChanceManager.java
com.topfreegames.bikerace.worldcup.i	IncreasedChanceManager.java
com.topfreegames.bikerace.worldcup.j	SlotMachine.java
com.topfreegames.bikerace.worldcup.k	SlotPrizeInterfaceListener.java
com.topfreegames.bikerace.worldcup.l	WorldCupHelper.java
com.topfreegames.bikerace.worldcup.localnotification.a	BikePromoLocalNotitification.java
com.topfreegames.bikerace.worldcup.localnotification.b	LocalNotificationConfig.java
com.topfreegames.bikerace.worldcup.localnotification.c	LocalNotificationConfig.java
com.topfreegames.bikerace.worldcup.m	WorldCupLikelihoodUpdater.java
com.topfreegames.bikerace.worldcup.n	WorldCupLikelihoodUpdater.java
com.topfreegames.bikerace.worldcup.o	WorldCupManager.java
com.topfreegames.bikerace.worldcup.p	WorldCupManager.java
com.topfreegames.bikerace.worldcup.q	WorldCupViewManager.java
com.topfreegames.bikerace.worldcup.r	WorldCupViewManager.java
com.topfreegames.bikerace.worldcup.views.a	WorldCupBikeUnlockDialog.java
com.topfreegames.bikerace.worldcup.views.b	WorldCupBikeUnlockDialog.java
com.topfreegames.bikerace.worldcup.views.c	WorldCupBikeUnlockDialog.java
com.topfreegames.bikerace.worldcup.views.d	WorldCupCollectPartView.java
com.topfreegames.bikerace.worldcup.views.e	WorldCupShopTabView.java
com.topfreegames.bikerace.x	GameAudio.java
com.topfreegames.bikerace.y	GameAudio.java
com.topfreegames.bikerace.z	GameData.java
com.topfreegames.c.a	NtpTime.java
com.topfreegames.c.b	SntpClient.java
com.topfreegames.d.a.a	NTPAWS3Signer.java
com.topfreegames.d.a.b	TopAmazonDynamoDBClient.java
com.topfreegames.d.b.a	NTPQueryStringBuilder.java
com.topfreegames.d.b.b	TopAmazonSQSAsyncClient.java
com.topfreegames.d.b.c	TopAmazonSQSClient.java
com.topfreegames.e.a	TopFacebookConfig.java
com.topfreegames.e.a.a	TopFacebookManager.java
com.topfreegames.e.a.b	TopFacebookManager.java
com.topfreegames.e.a.c	TopFacebookManager.java
com.topfreegames.e.a.d	TopFacebookManager.java
com.topfreegames.e.a.e	TopFacebookManager.java
com.topfreegames.e.a.f	TopFacebookManagerAuthenticationEventListener.java
com.topfreegames.e.a.g	TopFacebookManagerDialogRequestEventListener.java
com.topfreegames.e.a.h	TopFacebookManagerPictureRequestEventListener.java
com.topfreegames.e.a.i	TopFacebookManagerRandomAppUserRequestEventListener.java
com.topfreegames.e.a.j	TopFacebookManagerRequestEventListener.java
com.topfreegames.e.a.k	TopFacebookManagerSeveralUsersInfoRequestEventListener.java
com.topfreegames.e.a.l	TopFacebookManagerUserFriendsRequestEventListener.java
com.topfreegames.e.a.m	TopFacebookManagerUserInfoRequestEventListener.java
com.topfreegames.e.b	TopFacebookDialogExhibitionManager.java
com.topfreegames.e.b.a	TopFacebookPictureRequestHandler.java
com.topfreegames.e.b.a.a	TopFacebookAppRequestCreateAppUserEventListener.java
com.topfreegames.e.b.a.b	TopFacebookAppRequestCreateAppUserHandler.java
com.topfreegames.e.b.a.c	TopFacebookAppRequestCreateAppUserHandler.java
com.topfreegames.e.b.a.d	TopFacebookAppRequestCreateUserUserEventListener.java
com.topfreegames.e.b.a.e	TopFacebookAppRequestCreateUserUserHandler.java
com.topfreegames.e.b.a.f	TopFacebookAppRequestDeleteEventListener.java
com.topfreegames.e.b.a.g	TopFacebookAppRequestDeleteHandler.java
com.topfreegames.e.b.a.h	TopFacebookAppRequestDeleteHandler.java
com.topfreegames.e.b.a.i	TopFacebookAppRequestManager.java
com.topfreegames.e.b.a.j	TopFacebookAppRequestManager.java
com.topfreegames.e.b.a.k	TopFacebookAppRequestManager.java
com.topfreegames.e.b.a.l	TopFacebookAppRequestManager.java
com.topfreegames.e.b.a.m	TopFacebookAppRequestReadEventListener.java
com.topfreegames.e.b.a.n	TopFacebookAppRequestReadHandler.java
com.topfreegames.e.b.a.o	TopFacebookAppRequestReadHandler.java
com.topfreegames.e.b.b	TopFacebookPictureRequestHandlerEventListener.java
com.topfreegames.e.b.c	TopFacebookPictureRequestsManager.java
com.topfreegames.e.b.d	TopFacebookPictureRequestsManager.java
com.topfreegames.e.b.e	TopFacebookRequestEventListener.java
com.topfreegames.e.b.f	TopFacebookRequestHandler.java
com.topfreegames.e.b.h	TopFacebookSeveralUsersInfoRequestHandler.java
com.topfreegames.e.b.i	TopFacebookSeveralUsersInfoRequestHandler.java
com.topfreegames.e.b.j	TopFacebookSeveralUsersInfoRequestHandlerEventListener.java
com.topfreegames.e.b.k	TopFacebookUserFriendsRequestHandler.java
com.topfreegames.e.b.l	TopFacebookUserFriendsRequestHandler.java
com.topfreegames.e.b.m	TopFacebookUserFriendsRequestHandlerEventListener.java
com.topfreegames.e.b.n	TopFacebookUserInfoRequestHandler.java
com.topfreegames.e.b.o	TopFacebookUserInfoRequestHandler.java
com.topfreegames.e.b.p	TopFacebookUserInfoRequestHandlerEventListener.java
com.topfreegames.e.b.q	TopFacebookUserInfoRequestsManager.java
com.topfreegames.e.b.r	TopFacebookUserInfoRequestsManager.java
com.topfreegames.e.c	TopFacebookDialogExhibitionManager.java
com.topfreegames.e.d	TopFacebookDialogExhibitionManager.java
com.topfreegames.e.e	TopFacebookFriendTypes.java
com.topfreegames.e.f	TopFacebookInternalDatabase.java
com.topfreegames.e.g	TopFacebookInternalDatabase.java
com.topfreegames.e.h	TopFacebookPersistanceManager.java
com.topfreegames.e.i	TopFacebookRamdomAppUserRequestStatus.java
com.topfreegames.e.j	TopFacebookRandomAppUserRequestEventListener.java
com.topfreegames.e.k	TopFacebookRandomAppUserRequestManager.java
com.topfreegames.e.l	TopFacebookUser.java
com.topfreegames.e.m	TopFacebookUserComparator.java
com.topfreegames.engine.a.a	Utils.java
com.topfreegames.engine.a.b	Vector2D.java
com.topfreegames.engine.a.c	Vector3D.java
com.topfreegames.engine.b.a	BitmapLoader.java
com.topfreegames.engine.b.b	Buffer.java
com.topfreegames.engine.b.c	Color.java
com.topfreegames.engine.b.d	IVideoDriver.java
com.topfreegames.engine.b.e	Matrix.java
com.topfreegames.engine.b.f	OpenGLES10VideoDriver.java
com.topfreegames.engine.b.g	OpenGLES10VideoDriver.java
com.topfreegames.engine.b.h	Texture.java
com.topfreegames.engine.b.i	Vertex2D.java
com.topfreegames.engine.c.a	Body.java
com.topfreegames.engine.c.b	ComposedBody.java
com.topfreegames.engine.c.c	SpringShockAbsorber.java
com.topfreegames.engine.d.a	AnimatedSpriteSceneNode.java
com.topfreegames.engine.d.b	BaseSceneNode.java
com.topfreegames.engine.d.c	CameraSceneNode.java
com.topfreegames.engine.d.d	CyclicSpriteSceneNode.java
com.topfreegames.engine.d.e	ISceneNode.java
com.topfreegames.engine.d.f	Mesh.java
com.topfreegames.engine.d.g	MeshBuffer.java
com.topfreegames.engine.d.h	MeshSceneNode.java
com.topfreegames.engine.d.i	SpriteSceneNode.java
com.topfreegames.engine.d.j	VoidSceneNode.java
org.a.a.a.a.a	IMqttActionListener.java
org.a.a.a.a.a.a	ClientComms.java
org.a.a.a.a.a.a.a	SSLSocketFactoryFactory.java
org.a.a.a.a.a.a.b	SimpleBase64Encoder.java
org.a.a.a.a.a.b	ClientComms.java
org.a.a.a.a.a.b.a	CountingInputStream.java
org.a.a.a.a.a.b.b	MqttAck.java
org.a.a.a.a.a.b.c	MqttConnack.java
org.a.a.a.a.a.b.d	MqttConnect.java
org.a.a.a.a.a.b.e	MqttDisconnect.java
org.a.a.a.a.a.b.f	MqttInputStream.java
org.a.a.a.a.a.b.g	MqttOutputStream.java
org.a.a.a.a.a.b.h	MqttPersistableWireMessage.java
org.a.a.a.a.a.b.i	MqttPingReq.java
org.a.a.a.a.a.b.j	MqttPingResp.java
org.a.a.a.a.a.b.k	MqttPubAck.java
org.a.a.a.a.a.b.l	MqttPubComp.java
org.a.a.a.a.a.b.m	MqttPubRec.java
org.a.a.a.a.a.b.n	MqttPubRel.java
org.a.a.a.a.a.b.o	MqttPublish.java
org.a.a.a.a.a.b.p	MqttReceivedMessage.java
org.a.a.a.a.a.b.q	MqttSuback.java
org.a.a.a.a.a.b.r	MqttSubscribe.java
org.a.a.a.a.a.b.s	MqttUnsubAck.java
org.a.a.a.a.a.b.t	MqttWireMessage.java
org.a.a.a.a.a.b.u	MultiByteArrayInputStream.java
org.a.a.a.a.a.b.v	MultiByteInteger.java
org.a.a.a.a.a.c	ClientComms.java
org.a.a.a.a.a.d	ClientState.java
org.a.a.a.a.a.e	CommsCallback.java
org.a.a.a.a.a.f	CommsReceiver.java
org.a.a.a.a.a.g	CommsSender.java
org.a.a.a.a.a.h	CommsTokenStore.java
org.a.a.a.a.a.i	ExceptionHelper.java
org.a.a.a.a.a.j	LocalNetworkModule.java
org.a.a.a.a.a.k	MessageCatalog.java
org.a.a.a.a.a.l	NetworkModule.java
org.a.a.a.a.a.m	ResourceBundleCatalog.java
org.a.a.a.a.a.n	SSLNetworkModule.java
org.a.a.a.a.a.o	TCPNetworkModule.java
org.a.a.a.a.a.p	Token.java
org.a.a.a.a.b	IMqttAsyncClient.java
org.a.a.a.a.b.a	Logger.java
org.a.a.a.a.b.b	LoggerFactory.java
org.a.a.a.a.c	IMqttDeliveryToken.java
org.a.a.a.a.c.a	MemoryPersistence.java
org.a.a.a.a.d	IMqttToken.java
org.a.a.a.a.d.a	Debug.java
org.a.a.a.a.e	MqttAsyncClient.java
org.a.a.a.a.f	MqttCallback.java
org.a.a.a.a.g	MqttClient.java
org.a.a.a.a.h	MqttClientPersistence.java
org.a.a.a.a.i	MqttConnectOptions.java
org.a.a.a.a.j	MqttDeliveryToken.java
org.a.a.a.a.k	MqttException.java
org.a.a.a.a.l	MqttMessage.java
org.a.a.a.a.m	MqttPersistable.java
org.a.a.a.a.n	MqttPersistenceException.java
org.a.a.a.a.o	MqttSecurityException.java
org.a.a.a.a.p	MqttToken.java
org.apache.commons.a.a	DecoderException.java
org.apache.commons.a.a.a	Base64.java
org.apache.commons.a.a.b	Hex.java
org.b.a.a	JSONArray.java
org.b.a.b	JSONException.java
org.b.a.c	JSONObject.java
org.b.a.d	JSONObject.java
org.b.a.e	JSONString.java
org.c.a.a	ServiceBuilder.java
org.c.a.a.a	Api.java
org.c.a.a.b	DefaultApi10a.java
org.c.b.a	OAuthConnectionException.java
org.c.b.b	OAuthException.java
org.c.b.c	OAuthParametersMissingException.java
org.c.b.d	OAuthSignatureException.java
org.c.c.a	AccessTokenExtractor.java
org.c.c.b	BaseStringExtractor.java
org.c.c.c	BaseStringExtractorImpl.java
org.c.c.d	HeaderExtractor.java
org.c.c.e	HeaderExtractorImpl.java
org.c.c.f	RequestTokenExtractor.java
org.c.c.g	TokenExtractorImpl.java
org.c.d.a	OAuthConfig.java
org.c.d.b	OAuthConstants.java
org.c.d.c	OAuthRequest.java
org.c.d.d	Parameter.java
org.c.d.e	ParameterList.java
org.c.d.f	Request.java
org.c.d.g	Request.java
org.c.d.h	RequestTuner.java
org.c.d.i	Response.java
org.c.d.j	SignatureType.java
org.c.d.k	Token.java
org.c.d.l	Verb.java
org.c.d.m	Verifier.java
org.c.e.a	OAuth10aServiceImpl.java
org.c.e.b	OAuth10aServiceImpl.java
org.c.e.c	OAuthService.java
org.c.e.d	ResponseValidator.java
org.c.e.e	ResponseValidatorImpl.java
org.c.f.a	Base64Encoder.java
org.c.f.b	CommonsEncoder.java
org.c.f.c	DatatypeConverterEncoder.java
org.c.f.d	HMACSha1SignatureService.java
org.c.f.e	SignatureService.java
org.c.f.f	TimestampService.java
org.c.f.g	TimestampServiceImpl.java
org.c.f.h	TimestampServiceImpl.java
org.c.g.a	MapUtils.java
org.c.g.b	OAuthEncoder.java
org.c.g.c	Preconditions.java
org.c.g.d	StreamUtils.java
org.codehaus.jackson.map.deser.BaseNodeDeserializer	JsonNodeDeserializer.java
org.codehaus.jackson.map.deser.BaseNodeDeserializer.java:    .* JADX INFO: compiled from: JsonNodeDeserializer.java
